speaker	clip	score	band	spk_sim	tone	diac	asr	nat	dur
W8MQ2	W8MQ2__0_00003__r01589.wav	95.7	NATIVE_INDISTINGUISHABLE	0.99	1.00	0.90	0.57	0.69	3.1
W8MQ2	W8MQ2__0_00003__r00251.wav	92.5	NATIVE_INDISTINGUISHABLE	0.98	0.96	0.90	0.60	0.59	4.7
W8MQ2	W8MQ2__0_00005__r00613.wav	90.9	PRODUCTION_READY	0.99	0.98	0.90	0.56	0.50	6.5
W8MQ2	W8MQ2__0_00000__r01377.wav	92.4	NATIVE_INDISTINGUISHABLE	0.98	0.81	0.90	0.61	0.77	4.1
W8MQ2	W8MQ2__0_00000__r01527.wav	98.8	NATIVE	0.98	0.95	0.90	0.62	0.87	5.3
W8MQ2	W8MQ2__0_00004__r01006.wav	95.7	NATIVE_INDISTINGUISHABLE	0.99	0.92	0.90	0.62	0.75	6.2
W8MQ2	W8MQ2__0_00008__r00925.wav	95.4	NATIVE_INDISTINGUISHABLE	0.98	1.00	0.90	0.56	0.70	5.6
W8MQ2	W8MQ2__0_00008__r00208.wav	99.0	NATIVE	0.99	1.00	0.90	0.61	0.80	3.4
W8MQ2	W8MQ2__0_00004__r01190.wav	100.0	NATIVE	0.99	0.99	0.90	0.55	0.93	3.1
W8MQ2	W8MQ2__0_00000__r01793.wav	100.0	NATIVE	0.99	1.00	0.90	0.60	1.00	5.3
W8MQ2	W8MQ2__0_00000__r01843.wav	96.9	NATIVE_INDISTINGUISHABLE	0.99	0.98	0.90	0.57	0.76	8.5
W8MQ2	W8MQ2__0_00003__r00087.wav	94.3	NATIVE_INDISTINGUISHABLE	0.99	1.00	0.90	0.54	0.65	5.4
W8MQ2	W8MQ2__0_00000__r00052.wav	83.4	FLUENT_BUT_AUDIBLE_TTS	0.98	0.68	0.90	0.59	0.54	3.8
W8MQ2	W8MQ2__0_00007__r00550.wav	98.8	NATIVE	0.98	0.81	0.90	0.66	1.00	5.4
W8MQ2	W8MQ2__0_00002__r00692.wav	95.3	NATIVE_INDISTINGUISHABLE	0.98	0.92	0.90	0.61	0.75	4.3
W8MQ2	W8MQ2__0_00004__r00103.wav	100.0	NATIVE	1.00	0.98	0.90	0.55	1.00	9.4
W8MQ2	W8MQ2__0_00002__r01039.wav	96.7	NATIVE_INDISTINGUISHABLE	0.98	1.00	0.90	0.61	0.72	3.8
W8MQ2	W8MQ2__0_00003__r01026.wav	95.2	NATIVE_INDISTINGUISHABLE	0.97	1.00	0.90	0.59	0.67	4.6
W8MQ2	W8MQ2__0_00001__r00112.wav	97.9	NATIVE	0.98	1.00	0.90	0.54	0.82	4.7
W8MQ2	W8MQ2__0_00001__r01459.wav	99.3	NATIVE	0.99	0.89	0.90	0.57	1.00	3.1
OZCG2	OZCG2__0_00007__r01723.wav	96.6	NATIVE_INDISTINGUISHABLE	0.74	1.00	0.90	0.64	0.99	8.1
OZCG2	OZCG2__0_00000__r01572.wav	85.0	PRODUCTION_READY	0.43	0.95	0.90	0.77	0.82	5.1
OZCG2	OZCG2__0_00009__r01975.wav	88.2	PRODUCTION_READY	0.46	1.00	0.90	0.67	0.94	3.8
OZCG2	OZCG2__0_00009__r01929.wav	93.8	NATIVE_INDISTINGUISHABLE	0.58	1.00	0.90	0.72	1.00	7.8
OZCG2	OZCG2__0_00000__r00731.wav	84.5	FLUENT_BUT_AUDIBLE_TTS	0.70	0.65	0.90	0.79	0.83	3.4
OZCG2	OZCG2__0_00002__r00304.wav	86.2	PRODUCTION_READY	0.64	1.00	0.90	0.67	0.62	3.7
OZCG2	OZCG2__0_00006__r01346.wav	85.2	PRODUCTION_READY	0.62	0.72	0.90	0.73	0.90	4.6
OZCG2	OZCG2__0_00001__r00364.wav	88.0	PRODUCTION_READY	0.80	0.94	0.90	0.65	0.60	8.1
OZCG2	OZCG2__0_00002__r00833.wav	79.8	FLUENT_BUT_AUDIBLE_TTS	0.31	0.77	0.90	0.79	0.93	4.2
OZCG2	OZCG2__0_00004__r01598.wav	82.1	FLUENT_BUT_AUDIBLE_TTS	0.60	0.68	0.90	0.75	0.83	4.4
OZCG2	OZCG2__0_00009__r01515.wav	87.3	PRODUCTION_READY	0.59	0.89	0.90	0.76	0.81	5.2
OZCG2	OZCG2__0_00002__r00285.wav	92.8	NATIVE_INDISTINGUISHABLE	0.81	0.96	0.90	0.63	0.79	4.1
OZCG2	OZCG2__0_00003__r01020.wav	87.7	PRODUCTION_READY	0.57	0.87	0.90	0.78	0.87	4.1
OZCG2	OZCG2__0_00009__r00682.wav	91.4	PRODUCTION_READY	0.57	0.91	0.90	0.75	1.00	3.8
OZCG2	OZCG2__0_00006__r00789.wav	93.8	NATIVE_INDISTINGUISHABLE	0.81	1.00	0.90	0.60	0.80	4.5
OZCG2	OZCG2__0_00002__r00840.wav	88.9	PRODUCTION_READY	0.78	0.88	0.90	0.70	0.69	12.3
OZCG2	OZCG2__0_00005__r01681.wav	89.6	PRODUCTION_READY	0.60	1.00	0.90	0.69	0.81	4.7
OZCG2	OZCG2__0_00001__r00283.wav	88.5	PRODUCTION_READY	0.69	0.85	0.90	0.79	0.76	4.1
OZCG2	OZCG2__0_00002__r01516.wav	92.2	NATIVE_INDISTINGUISHABLE	0.75	0.87	0.90	0.69	0.91	5.9
OZCG2	OZCG2__0_00009__r01193.wav	78.7	FLUENT_BUT_AUDIBLE_TTS	0.45	0.64	0.90	0.77	0.90	4.1
HZM4L	HZM4L__0_00007__r00156.wav	94.1	NATIVE_INDISTINGUISHABLE	0.87	0.87	0.90	0.66	0.85	3.4
HZM4L	HZM4L__0_00006__r01452.wav	91.8	PRODUCTION_READY	0.86	0.87	0.90	0.70	0.74	3.4
HZM4L	HZM4L__0_00009__r00791.wav	89.8	PRODUCTION_READY	0.86	0.81	0.90	0.73	0.70	3.3
HZM4L	HZM4L__0_00006__r01497.wav	93.3	NATIVE_INDISTINGUISHABLE	0.92	0.80	0.90	0.67	0.83	3.1
HZM4L	HZM4L__0_00002__r00268.wav	92.1	NATIVE_INDISTINGUISHABLE	0.96	0.84	0.90	0.60	0.74	3.7
HZM4L	HZM4L__0_00008__r01883.wav	90.6	PRODUCTION_READY	0.80	0.85	0.90	0.69	0.80	3.4
HZM4L	HZM4L__0_00007__r00370.wav	92.8	NATIVE_INDISTINGUISHABLE	0.81	0.89	0.90	0.67	0.84	4.3
HZM4L	HZM4L__0_00005__r00788.wav	89.9	PRODUCTION_READY	0.75	0.92	0.90	0.63	0.79	3.2
HZM4L	HZM4L__0_00001__r00427.wav	87.3	PRODUCTION_READY	0.71	0.84	0.90	0.70	0.77	4.8
HZM4L	HZM4L__0_00005__r00937.wav	94.6	NATIVE_INDISTINGUISHABLE	0.86	0.93	0.90	0.74	0.76	4.0
HZM4L	HZM4L__0_00007__r01118.wav	87.1	PRODUCTION_READY	0.71	0.82	0.90	0.66	0.81	3.6
HZM4L	HZM4L__0_00003__r00813.wav	96.1	NATIVE_INDISTINGUISHABLE	0.87	0.95	0.90	0.63	0.86	3.3
HZM4L	HZM4L__0_00006__r00593.wav	92.8	NATIVE_INDISTINGUISHABLE	0.84	0.78	0.90	0.72	0.91	4.2
HZM4L	HZM4L__0_00007__r01336.wav	91.6	PRODUCTION_READY	0.81	1.00	0.90	0.66	0.66	3.4
HZM4L	HZM4L__0_00003__r01229.wav	90.1	PRODUCTION_READY	0.73	0.90	0.90	0.69	0.79	4.9
HZM4L	HZM4L__0_00002__r01863.wav	96.7	NATIVE_INDISTINGUISHABLE	0.92	0.94	0.90	0.71	0.78	3.2
HZM4L	HZM4L__0_00009__r00036.wav	92.2	NATIVE_INDISTINGUISHABLE	0.86	0.85	0.90	0.70	0.78	3.1
HZM4L	HZM4L__0_00007__r00447.wav	97.7	NATIVE	0.95	0.81	0.90	0.66	1.00	3.2
HZM4L	HZM4L__0_00001__r00335.wav	93.2	NATIVE_INDISTINGUISHABLE	0.86	0.87	0.90	0.70	0.80	3.5
HZM4L	HZM4L__0_00009__r00173.wav	91.0	PRODUCTION_READY	0.90	0.74	0.90	0.71	0.81	3.9
